0,410.241577,0.97,64.98
0,408.881622,1.00,93.18
1,340.383240,1.00,85.08
2,283.563995,1.00,84.40
3,244.153351,1.00,84.47
4,212.286163,1.00,84.37
5,191.539978,1.00,85.32
0,410.188202,1.00,91.15
1,342.294281,1.00,83.35
2,284.575989,1.00,83.81
3,244.358551,1.00,86.02
4,213.342712,1.00,86.30
5,192.031921,1.00,83.44
6,175.224060,1.00,83.59
7,166.254410,1.00,82.46
8,159.455307,1.00,83.10
9,157.335068,1.00,81.27
10,158.244339,1.00,83.12
11,156.514923,1.00,80.62
12,154.407745,1.00,83.12
12,156.599777,0.83,1.00,91.86173057556152
14,155.517914,0.82,1.00,168.78899359703064
16,155.630630,0.83,1.00,167.9496946334839
18,157.754333,0.83,1.00,167.82019710540771
20,154.112915,0.83,1.00,166.21148252487183
22,160.695129,0.86,1.00,166.00944662094116
24,154.982834,0.80,1.00,164.65035390853882
26,158.162476,0.85,1.00,165.44418716430664
28,156.990433,0.85,1.00,164.5785837173462
30,156.571686,0.84,1.00,162.85697031021118
32,157.912064,0.88,1.00,161.85033059120178
34,155.244370,0.83,1.00,164.56677293777466
36,156.679749,0.82,1.00,163.8833601474762
38,155.737061,0.82,1.00,163.23100471496582
40,154.596466,0.82,1.00,161.02604746818542
42,155.980331,0.88,1.00,161.30365777015686
44,157.824326,0.81,1.00,162.33567571640015
46,156.900604,0.80,1.00,162.0217740535736
48,155.023788,0.83,1.00,163.43178176879883
50,154.686447,0.81,1.00,163.64064693450928
52,156.902420,0.86,1.00,161.18888521194458
54,156.640182,0.81,1.00,161.19838643074036
56,155.334930,0.79,1.00,161.32964634895325
58,155.745071,0.82,1.00,161.6679482460022
60,155.412750,0.78,1.00,161.26924586296082
62,155.152451,0.82,1.00,161.2683401107788
64,154.404572,0.81,1.00,162.3778054714203
66,158.324722,0.83,1.00,161.29004764556885
68,157.260254,0.86,1.00,163.1640121936798
70,151.767563,0.81,1.00,162.77012753486633
72,154.139191,0.83,1.00,162.96320366859436
74,155.513611,0.89,1.00,162.40684270858765
76,156.099945,0.87,1.00,161.72549319267273
78,154.542236,0.84,1.00,161.75609850883484
80,155.483719,0.80,1.00,162.35193729400635
82,153.225632,0.87,1.00,161.60033869743347
84,155.426361,0.86,1.00,162.40993666648865
86,154.591751,0.92,1.00,162.82990407943726
88,159.714355,0.79,1.00,165.1819577217102
90,156.540512,0.82,1.00,166.12544536590576
92,155.960236,0.81,1.00,161.35895609855652
94,154.911469,0.81,1.00,162.5180425643921
96,154.850891,0.86,1.00,167.43951654434204
98,155.261642,0.84,1.00,163.21417665481567
100,157.289093,0.83,1.00,166.58143734931946
102,159.731354,0.84,1.00,169.21356582641602
104,153.573853,0.83,1.00,170.0430817604065
106,158.544876,0.82,1.00,168.9846863746643
108,158.649429,0.80,1.00,169.23307418823242
110,155.934402,0.84,1.00,164.96698641777039
112,156.287979,0.77,1.00,166.7529113292694
114,156.118286,0.85,1.00,169.1774959564209
116,157.096268,0.85,1.00,168.35470414161682
118,155.447937,0.83,1.00,168.85817098617554
120,154.413208,0.81,1.00,162.48428535461426
122,156.043106,0.83,1.00,161.37364149093628
124,153.040009,0.81,1.00,162.02654647827148
126,156.358368,0.83,1.00,161.23577761650085
128,158.573517,0.86,1.00,161.07445549964905
130,156.813782,0.79,1.00,162.28150963783264
132,154.553619,0.85,1.00,168.92927145957947
134,155.523270,0.89,1.00,166.29135656356812
136,155.840210,0.80,1.00,161.8653655052185
138,156.040390,0.84,1.00,170.47488164901733
140,158.488754,0.80,1.00,166.5752432346344
142,155.082062,0.82,1.00,167.03619742393494
144,155.417526,0.82,1.00,168.29959750175476
146,155.455551,0.83,1.00,169.74827241897583
148,158.571426,0.88,1.00,169.00919771194458
150,156.636383,0.84,1.00,168.51520562171936
152,155.525543,0.83,1.00,168.2632555961609
154,157.907288,0.93,1.00,165.09707403182983
156,154.604919,0.84,1.00,161.56928205490112
158,156.115067,0.84,1.00,162.32464408874512
160,155.552246,0.89,1.00,162.15811467170715
162,157.404404,0.80,1.00,162.34022283554077
164,159.908722,0.81,1.00,162.2705557346344
166,154.813812,0.81,1.00,162.94593453407288
168,158.297974,0.87,1.00,162.56446480751038
170,157.993439,0.83,1.00,162.17360639572144
172,153.754456,0.82,1.00,162.39056038856506
174,154.507431,0.81,1.00,162.14704751968384
176,156.473526,0.82,1.00,162.54795670509338
178,157.911957,0.82,1.00,161.84970259666443
180,158.858521,0.83,1.00,161.4108648300171
182,160.375214,0.83,1.00,160.54262161254883
184,154.568893,0.81,1.00,161.97029089927673
186,156.618179,0.86,1.00,162.0864224433899
188,155.435349,0.84,1.00,161.796293258667
190,155.227936,0.83,1.00,161.9514594078064
192,156.833023,0.85,1.00,162.82958126068115
194,158.031662,0.80,1.00,162.48709654808044
196,157.004486,0.81,1.00,162.51561069488525
198,157.282593,0.82,1.00,161.8155975341797
200,152.863007,0.84,1.00,162.0049922466278
202,153.387161,0.85,1.00,162.12061834335327
204,155.178238,0.80,1.00,162.31159925460815
206,157.251984,0.87,1.00,162.27978467941284
208,155.369843,0.83,1.00,162.220685005188
210,156.786499,0.80,1.00,163.4928047657013
212,154.343781,0.86,1.00,162.35368990898132
214,155.582932,0.83,1.00,161.08885431289673
216,158.684814,0.85,1.00,161.77902150154114
218,156.844986,0.81,1.00,162.37248754501343
220,158.422729,0.80,1.00,163.02933359146118
222,155.813431,0.79,1.00,161.96723532676697
224,155.148270,0.83,1.00,161.42530250549316
226,155.173065,0.84,1.00,161.63264107704163
228,154.129425,0.85,1.00,161.97480034828186
230,155.723038,0.81,1.00,161.70611310005188
232,153.562500,0.78,1.00,161.45092272758484
234,153.748535,0.81,1.00,161.5488498210907
236,159.105606,0.82,1.00,162.33697509765625
238,155.291382,0.81,1.00,161.44661235809326
240,156.422318,0.81,1.00,161.46770453453064
242,154.000824,0.83,1.00,161.70992136001587
244,155.148682,0.85,1.00,161.7878611087799
246,158.598755,0.80,1.00,162.34135556221008
248,154.507370,0.81,1.00,162.1595368385315
250,158.730560,0.85,1.00,162.52204990386963
252,154.221252,0.84,1.00,162.68109393119812
254,156.686783,0.85,1.00,162.45037412643433
256,151.664856,0.81,1.00,163.0610795021057
258,155.272278,0.82,1.00,161.87911939620972
260,159.300781,0.84,1.00,161.7543866634369
262,155.374725,0.78,1.00,161.7387878894806
264,155.658615,0.83,1.00,161.2401249408722
266,153.906525,0.82,1.00,161.46091032028198
268,156.108658,0.83,1.00,162.31191205978394
270,159.027420,0.84,1.00,161.0421826839447
272,154.463394,0.79,1.00,162.07060742378235
274,156.814545,0.85,1.00,162.22039151191711
276,156.229034,0.80,1.00,161.87532424926758
278,154.984451,0.81,1.00,162.54624843597412
280,153.918472,0.85,1.00,163.52078914642334
282,154.628830,0.81,1.00,160.94897079467773
284,157.960770,0.90,1.00,161.42595314979553
286,156.836929,0.86,1.00,162.56970191001892
288,156.701721,0.80,1.00,161.3363904953003
290,157.318054,0.84,1.00,161.88164949417114
292,153.904968,0.85,1.00,161.57118558883667
294,154.712387,0.78,1.00,162.37677669525146
296,157.333755,0.81,1.00,161.90957856178284
298,155.864105,0.81,1.00,161.40575742721558
300,155.353531,0.81,1.00,161.93063139915466
302,157.470947,0.80,1.00,163.16665124893188
304,154.212219,0.83,1.00,162.86647033691406
306,156.281937,0.85,1.00,163.3486614227295
308,154.801117,0.81,1.00,162.4036042690277
310,158.411514,0.84,1.00,162.50056982040405
312,160.660889,0.89,1.00,163.0573570728302
314,153.872849,0.85,1.00,162.018296957016
316,152.997543,0.83,1.00,162.4562029838562
318,158.125275,0.87,1.00,161.60232210159302
320,158.498428,0.84,1.00,161.46519804000854
322,157.142471,0.83,1.00,161.90547847747803
324,157.174759,0.80,1.00,162.58936524391174
326,155.174362,0.86,1.00,162.61125016212463
328,154.070297,0.81,1.00,163.13083171844482
330,154.909592,0.79,1.00,162.74612259864807
332,156.307541,0.81,1.00,161.41310453414917
334,158.768890,0.90,1.00,161.58822226524353
336,154.660721,0.84,1.00,161.80041193962097
338,155.173843,0.83,1.00,162.41882300376892
340,155.770218,0.86,1.00,161.6589720249176
342,154.898193,0.82,1.00,162.1815857887268
0,498.866394,1.00,90.62
1,488.635620,1.00,82.86
2,479.956299,1.00,83.60
3,471.869110,1.00,86.76
4,462.568024,1.00,83.08
5,453.075562,1.00,82.64
6,444.494507,1.00,86.26
7,434.598328,1.00,82.95
8,428.076202,1.00,83.30
9,419.928680,1.00,82.64
10,412.467010,1.00,83.16
0,498.266479,0.98,90.26
1,489.220276,1.00,85.59
2,480.703278,1.00,85.33
3,471.738281,1.00,82.73
4,462.210327,1.00,83.01
5,454.045074,1.00,82.42
6,444.219147,1.00,85.45
7,436.803619,1.00,82.50
8,428.726349,1.00,82.65
9,420.252747,1.00,81.81
10,414.364563,1.00,85.00
11,404.954407,1.00,81.17
12,397.393097,1.00,82.77
13,391.064819,1.00,81.43
14,384.852020,1.00,85.60
15,376.700134,1.00,80.78
16,370.658020,1.00,82.89
17,365.019196,1.00,80.84
18,357.800171,1.00,83.32
19,351.960571,1.00,81.31
20,345.513733,1.00,83.39
21,339.502258,1.00,80.30
22,332.183807,1.00,83.27
23,327.922821,1.00,81.01
24,320.886200,1.00,80.95
25,315.751770,1.00,80.68
26,308.681824,1.00,80.69
27,303.680786,1.00,80.84
28,297.446716,1.00,80.63
29,292.977753,1.00,80.51
30,288.391876,1.00,83.15
31,283.338470,1.00,80.26
32,278.657990,1.00,80.46
33,274.212524,1.00,80.60
34,268.962738,1.00,80.93
35,266.699493,1.00,80.94
36,261.245941,1.00,80.66
37,256.236786,1.00,80.97
38,254.318802,1.00,80.82
39,249.576859,1.00,81.12
40,246.164642,1.00,80.31
41,243.538010,1.00,80.49
42,239.557083,1.00,80.39
570,102.451561,0.66,0.94,63.35960936546326
571,102.338928,0.66,0.90,58.89945864677429
572,103.150826,0.67,0.82,58.90509533882141
573,102.580719,0.66,0.80,58.85819101333618
574,101.979897,0.66,0.86,58.83652067184448
575,108.397392,0.68,0.91,58.93585801124573
576,112.144157,0.69,0.88,58.96047830581665
577,105.041031,0.67,0.83,58.91880941390991
578,114.724152,0.70,0.83,58.852944135665894
579,121.975822,0.74,0.86,58.837780475616455
580,116.672989,0.71,0.96,58.861924171447754
581,116.702332,0.72,0.97,58.95892333984375
582,111.221672,0.69,0.95,58.798773765563965
583,105.898430,0.67,0.78,58.83875799179077
584,105.047592,0.67,0.82,58.87276005744934
585,103.172585,0.67,0.87,58.916281938552856
586,106.316727,0.67,0.97,58.82138276100159
587,103.293503,0.65,0.89,58.8137526512146
588,102.766830,0.66,0.90,58.806833028793335
589,103.275375,0.66,0.87,58.59202694892883
590,101.369934,0.65,0.90,58.604140520095825
591,103.243233,0.66,0.95,58.52729821205139
592,101.399796,0.64,0.92,58.51318621635437
593,104.188301,0.66,0.88,58.47255229949951
594,102.640839,0.66,0.89,58.50781321525574
595,101.102455,0.65,0.88,58.51850080490112
596,102.331642,0.66,0.89,58.60285139083862
597,101.240875,0.65,0.85,58.4715633392334
598,101.780724,0.65,0.84,58.58189272880554
599,102.151733,0.65,0.92,58.538310289382935
600,101.073563,0.65,0.74,58.56464648246765
601,102.605721,0.67,0.90,58.54100728034973
570,106.446205,0.65,0.86,85.63117384910583
571,102.063927,0.58,0.93,78.50484991073608
572,101.818604,0.60,0.89,79.1433675289154
573,106.080147,0.62,0.92,78.47739362716675
574,103.739723,0.60,0.82,79.16802501678467
575,104.176079,0.64,0.89,79.47908735275269
576,102.156303,0.61,0.88,80.6841356754303
577,104.663055,0.60,0.89,78.41428399085999
578,106.216499,0.67,0.88,78.56065392494202
579,102.915894,0.61,0.88,78.12696528434753
580,103.660439,0.68,0.87,76.58364963531494
581,102.893059,0.66,0.92,77.490891456604
582,102.729973,0.62,0.94,76.3562650680542
583,102.831627,0.57,0.86,77.52467703819275
584,106.064857,0.65,0.85,78.47902226448059
585,117.155357,0.73,0.90,78.02177023887634
586,105.161041,0.63,0.87,76.54934048652649
587,104.111954,0.60,0.90,77.08852529525757
588,103.954819,0.67,0.96,76.46297645568848
589,104.024918,0.62,0.87,76.13472366333008
590,102.382347,0.60,0.90,76.30095219612122
591,102.872154,0.61,0.93,78.2938768863678
592,103.459358,0.66,0.88,76.32677102088928
593,103.680580,0.64,0.89,78.320955991745
594,100.187210,0.60,0.80,76.58873534202576
595,103.727943,0.64,0.89,78.21874761581421
596,100.648872,0.62,0.87,76.11357593536377
597,103.620216,0.64,0.90,76.27772808074951
598,103.341568,0.67,0.81,76.2545177936554
599,105.407356,0.59,0.89,76.23269486427307
600,103.902336,0.60,0.88,76.5084502696991
601,104.557510,0.60,0.90,76.25903630256653
602,103.179802,0.63,0.94,76.05846118927002
603,102.588013,0.65,0.92,76.02708721160889
604,105.195862,0.61,0.91,76.3482825756073
605,100.844795,0.65,0.90,76.00176310539246
606,102.758774,0.62,0.90,76.18459105491638
607,101.862190,0.62,0.92,76.12328577041626
608,102.783638,0.59,0.86,76.44382691383362
609,105.570908,0.60,0.81,75.93058633804321
610,101.883934,0.61,0.87,76.27485084533691
611,101.254341,0.59,0.81,76.35087132453918
612,106.737984,0.63,0.87,76.02482724189758
613,102.708878,0.62,0.90,76.24248123168945
614,101.277519,0.63,0.87,77.10595512390137
615,102.145088,0.61,0.88,76.10939764976501
616,101.688065,0.66,0.91,75.96981549263
617,101.933334,0.59,0.85,76.11318898200989
618,101.044411,0.65,0.86,76.17135262489319
619,101.434212,0.61,0.87,76.1038076877594
620,98.635750,0.61,0.90,75.79979372024536
621,102.200211,0.64,0.84,75.75516295433044
622,103.763092,0.59,0.85,76.76429271697998
623,102.755836,0.66,0.86,75.96985650062561
620,102.244720,0.59,0.84,152.1252200603485
622,101.425079,0.63,0.91,153.6421046257019
624,102.806831,0.66,0.86,151.15894079208374
626,104.563675,0.70,0.84,149.40807247161865
628,101.582375,0.57,0.86,149.62976551055908
630,102.903816,0.60,0.90,149.43674278259277
632,100.351097,0.64,0.83,149.3182294368744
634,103.161064,0.64,0.81,149.16637182235718
636,100.233040,0.58,0.85,147.71416974067688
638,100.532761,0.62,0.82,147.80457019805908
640,102.420219,0.64,0.87,147.50025343894958
642,99.039017,0.59,0.84,147.67674207687378
644,101.207802,0.63,0.84,147.57708501815796
646,102.694588,0.64,0.91,147.7575080394745
648,100.992203,0.60,0.84,147.69290208816528
650,106.536835,0.64,0.97,147.30089402198792
652,101.432800,0.60,0.91,147.38943099975586
654,103.427681,0.65,0.78,147.2132761478424
656,102.545525,0.61,0.89,146.73223781585693
658,100.349503,0.59,0.83,146.83171725273132
660,102.321121,0.59,0.82,146.63973879814148
662,100.791451,0.60,0.87,146.8458251953125
664,100.959160,0.58,0.85,146.7151861190796
666,101.240845,0.66,0.79,146.55551886558533
668,142.382599,0.75,1.00,146.69716620445251
670,136.685806,0.75,1.00,146.65734767913818
672,nan,0.97,0.97,143.64906525611877
0,160.888321,0.84,1.00
0,155.893997,0.93,1.00,76.35929203033447
1,159.815140,0.84,0.97,72.6471643447876
2,156.642731,0.82,0.97,72.6083025932312
0,158.710098,0.83,1.00,76.1337513923645
1,157.206909,0.85,0.97,72.60374784469604
2,158.712982,0.82,0.97,73.39235591888428
3,156.305023,0.83,0.97,72.61143326759338
0,162.282578,0.87,1.00,76.884286403656
1,159.904388,0.87,1.00,73.7215690612793
2,156.763626,0.94,0.98,73.81540274620056
3,160.245575,0.82,0.98,72.5924961566925
4,157.106461,0.84,0.98,73.19808769226074
5,154.931839,0.84,0.98,72.3934531211853
6,156.919952,0.80,0.98,73.24860715866089
7,157.451248,0.80,0.98,72.33056473731995
8,154.574188,0.79,0.98,73.44758939743042
9,154.157959,0.80,0.98,72.15516901016235
10,154.654480,0.81,0.98,72.97605276107788
11,156.111023,0.82,0.98,71.71740293502808
12,152.330505,0.89,0.98,71.80967402458191
13,152.907684,0.84,0.98,71.70749378204346
0,167.009216,0.87,1.00,74.00058364868164
1,162.906509,0.88,1.00,68.08516359329224
2,160.126907,0.88,0.98,67.62884211540222
3,158.638290,0.84,0.98,68.48095607757568
4,154.921921,0.83,0.98,67.30414772033691
5,157.331711,0.84,0.98,68.07221579551697
6,155.541092,0.82,0.98,67.29994940757751
7,154.626541,0.83,0.98,67.7802939414978
8,156.928101,0.80,0.98,67.09286856651306
9,153.095657,0.81,0.98,67.91058373451233
10,159.398117,0.84,0.98,67.18324613571167
11,154.975006,0.85,0.98,67.60817813873291
12,151.993866,0.83,0.98,66.6669692993164
13,154.426804,0.80,0.98,66.75986433029175
14,152.683960,0.86,0.98,67.12562537193298
15,151.494614,0.83,0.98,67.01665925979614
16,154.895004,0.82,0.98,69.528005361557
0,470.001678,2.32,1.00,70.86746215820312
1,415.042236,1.26,1.00,67.14215421676636
2,318.688904,1.14,1.00,66.58465886116028
3,225.823730,1.09,1.00,65.63365602493286
4,195.410858,0.89,1.00,69.20352220535278
5,176.499069,0.89,1.00,66.65067553520203
6,176.532181,0.89,1.00,66.05576515197754
0,164.523636,0.97,0.98,72.59345316886902
1,143.091705,1.00,1.00,66.24793076515198
2,140.948578,0.98,0.98,65.76668643951416
3,138.367111,0.98,0.98,65.92500329017639
4,137.940628,0.98,0.98,65.39404296875
5,137.345154,0.98,0.98,65.95088458061218
6,135.847900,0.97,0.98,65.41899633407593
7,140.601608,0.98,0.98,65.7185411453247
8,136.493637,0.98,0.98,65.03901982307434
9,139.874939,0.98,0.98,66.07218623161316
10,139.350479,0.98,0.98,65.00252032279968
0,134.275513,0.97,0.98,78.14198184013367
1,138.644821,0.97,0.98,75.97186994552612
2,134.499741,0.97,0.98,76.15874648094177
3,139.875900,0.98,0.98,75.1988377571106
4,133.320236,0.97,0.98,76.59815216064453
5,138.566254,0.98,0.98,75.43433952331543
0,143.571472,0.98,0.98,79.04880261421204
1,141.213226,0.98,0.98,73.61392784118652
2,139.635071,0.98,0.98,74.60580849647522
3,141.069397,0.93,0.93,75.92979288101196
4,138.837631,0.96,0.96,76.64733600616455
5,138.854019,0.98,0.98,75.40909719467163
4,142.591110,0.97,0.97,77.94321084022522
5,137.514908,0.98,0.97,74.53173995018005
6,137.509109,0.95,0.95,73.9914493560791
7,136.528137,0.96,0.95,73.59811210632324
8,131.685379,0.95,0.95,73.76928663253784
9,132.535385,0.95,0.95,73.36152172088623
10,126.583679,0.93,0.93,73.90139198303223
11,134.374496,0.84,0.92,73.12706279754639
12,127.596611,0.93,0.93,73.9164628982544
13,128.661118,0.93,0.93,73.392507314682
14,125.004715,0.93,0.93,73.58408546447754
15,125.445274,0.93,0.93,72.62124609947205
16,130.744858,0.93,0.93,73.58354806900024
17,126.494179,0.93,0.93,73.13991260528564
18,132.019028,0.91,0.90,73.66676592826843
19,129.413528,0.80,0.81,73.17113137245178
20,126.591545,0.88,0.89,73.96221232414246
21,129.508301,0.93,0.93,73.15523195266724
22,129.219757,0.93,0.93,72.96770024299622
23,126.245125,0.89,0.89,72.43825554847717
24,128.306168,0.93,0.93,72.31776714324951
25,132.072357,0.94,0.93,71.86881422996521
26,129.314285,0.93,0.93,72.46474766731262
27,128.420593,0.94,0.93,72.81837582588196
28,126.118790,0.95,0.95,73.3590075969696
29,129.823212,0.91,0.90,72.89758396148682
30,127.229141,0.80,0.80,73.70086717605591
31,130.103424,0.91,0.90,72.96236085891724
32,130.097839,0.89,0.88,73.31433844566345
33,130.518097,0.93,0.93,73.10497999191284
34,128.300140,0.93,0.93,74.50380086898804
35,132.694138,0.89,0.88,73.19232320785522
36,131.437195,0.86,0.88,74.15070629119873
37,124.291412,0.90,0.90,73.16114687919617
38,129.330139,0.95,0.95,73.474289894104
39,130.497070,0.91,0.90,72.96696448326111
40,125.539734,0.93,0.93,73.40986561775208
41,124.478973,0.90,0.90,72.87050986289978
42,127.221588,0.89,0.89,73.73549818992615
43,126.322502,0.89,0.89,73.0182535648346
44,127.529266,0.85,0.85,73.82963037490845
45,126.970551,0.86,0.86,73.1636381149292
46,126.430382,0.89,0.89,73.33161520957947
47,125.202011,0.87,0.87,73.019944190979
48,129.699081,0.83,0.83,73.21560311317444
49,128.129883,0.77,0.78,72.93277215957642
50,123.584183,0.87,0.87,73.27688550949097
51,126.655235,0.86,0.87,73.15709018707275
52,126.252762,0.84,0.84,74.0263307094574
53,132.850037,0.87,0.86,73.24850606918335
54,121.249306,0.80,0.81,74.07021188735962
55,132.250397,0.83,0.82,73.07805013656616
56,124.083954,0.83,0.83,73.12276911735535
57,125.813332,0.83,0.83,72.93364000320435
58,128.814606,0.84,0.84,73.55698919296265
59,127.733055,0.81,0.82,72.8630588054657
60,125.580414,0.79,0.80,73.28034996986389
61,126.147484,0.74,0.76,72.73240113258362
62,124.057526,0.74,0.77,73.5122721195221
63,125.514404,0.79,0.79,72.71046805381775
64,128.032028,0.73,0.75,72.88763880729675
65,125.275703,0.77,0.77,73.69047284126282
66,122.785049,0.75,0.78,73.25688529014587
67,124.004303,0.74,0.75,72.95785284042358
68,124.458458,0.76,0.76,73.56996083259583
69,128.947617,0.75,0.76,72.72083520889282
70,128.209579,0.74,0.75,73.18895506858826
71,125.951180,0.77,0.78,72.90238070487976
72,124.964851,0.74,0.75,73.21448922157288
73,122.166321,0.73,0.75,72.84009575843811
74,127.479309,0.78,0.78,73.15526056289673
75,123.024879,0.75,0.78,72.91141200065613
76,126.886101,0.74,0.75,73.25503277778625
77,126.225822,0.77,0.78,73.12533712387085
78,129.321548,0.75,0.77,73.30235314369202
79,123.500519,0.76,0.76,72.69100975990295
80,122.235275,0.75,0.77,72.99495649337769
81,126.292747,0.76,0.78,72.72970271110535
82,125.071823,0.77,0.79,72.35590195655823
83,129.180328,0.78,0.78,71.79112267494202
84,127.708832,0.76,0.77,71.6471757888794
85,123.576096,0.77,0.79,71.43903803825378
86,125.620369,0.78,0.79,71.54294514656067
87,127.829742,0.74,0.76,73.15001010894775
88,122.326317,0.76,0.78,72.67269802093506
89,122.071777,0.78,0.78,73.85783171653748
90,123.776031,0.75,0.75,73.2657732963562
91,122.287560,0.76,0.77,72.9719226360321
92,127.293533,0.77,0.79,73.22017812728882
93,122.639824,0.74,0.76,72.98450922966003
94,124.277458,0.76,0.76,73.41133999824524
95,127.945129,0.73,0.75,72.90517544746399
96,125.840752,0.79,0.79,73.31974387168884
97,123.260635,0.78,0.79,72.9736647605896
98,123.363976,0.79,0.78,73.20846748352051
99,123.893219,0.73,0.75,72.91229343414307
100,122.149796,0.78,0.78,72.88813090324402
101,125.728104,0.78,0.78,73.1645736694336
102,124.311905,0.78,0.79,72.62746620178223
103,125.158089,0.73,0.76,72.8757905960083
104,124.344589,0.77,0.78,73.18763279914856
105,123.731583,0.77,0.78,73.18354845046997
106,127.749535,0.76,0.76,72.89121723175049
107,124.051750,0.76,0.78,72.68601727485657
108,124.601555,0.78,0.78,72.71004223823547
109,126.062805,0.76,0.76,72.38699746131897
110,124.674324,0.77,0.78,73.67327165603638
111,124.001350,0.78,0.78,73.13359236717224
112,122.288292,0.78,0.79,73.79997968673706
113,119.679863,0.76,0.78,73.90505313873291
114,123.717865,0.79,0.79,73.47805166244507
115,122.197266,0.76,0.77,73.90656590461731
116,123.531799,0.74,0.77,73.54490876197815
117,128.069839,0.76,0.77,73.49900031089783
118,122.836594,0.77,0.79,73.95651745796204
119,119.117897,0.77,0.79,74.11258912086487
120,123.086227,0.77,0.78,73.79445338249207
121,126.637787,0.76,0.76,73.62039399147034
122,128.381531,0.76,0.76,73.42465376853943
123,123.561707,0.77,0.77,73.49448990821838
124,122.839836,0.76,0.78,73.4013192653656
125,125.080139,0.77,0.77,72.67040133476257
126,126.251663,0.72,0.75,72.52899050712585
127,121.285858,0.77,0.76,72.63439917564392
128,121.822189,0.75,0.76,73.51803040504456
129,125.187675,0.73,0.75,73.6746621131897
130,121.796455,0.78,0.78,73.29722499847412
131,126.283890,0.76,0.77,73.27000308036804
132,123.217148,0.76,0.77,73.67035293579102
133,124.141388,0.76,0.77,73.43977236747742
134,124.667892,0.72,0.76,73.38388299942017
135,127.914330,0.72,0.75,73.34546303749084
136,126.590530,0.78,0.78,73.5077805519104
137,127.745850,0.72,0.76,73.5117175579071
138,126.903564,0.77,0.78,73.8495876789093
139,123.534149,0.76,0.77,73.47906398773193
140,121.080521,0.78,0.78,73.39815998077393
141,118.599220,0.78,0.79,72.22797799110413
142,124.311943,0.77,0.78,72.49186682701111
143,123.934296,0.74,0.75,71.8403000831604
144,125.728477,0.76,0.76,71.73768019676208
145,121.922440,0.79,0.79,71.24079847335815
146,120.533440,0.77,0.77,71.2718391418457
147,122.539505,0.76,0.77,71.08388686180115
148,126.261299,0.78,0.77,71.29880046844482
149,125.088043,0.76,0.77,71.2760956287384
150,121.232758,0.80,0.80,71.4372718334198
151,125.421982,0.76,0.77,71.22300934791565
152,124.739296,0.76,0.77,71.00106072425842
153,123.191048,0.72,0.75,71.05394291877747
154,125.629738,0.77,0.77,70.94886517524719
155,123.900856,0.74,0.75,71.29874444007874
156,122.047966,0.76,0.78,71.48072242736816
157,124.164162,0.75,0.76,71.04992079734802
158,125.819557,0.75,0.76,70.97907638549805
159,129.700516,0.76,0.76,71.34580206871033
160,123.306671,0.77,0.78,71.02149963378906
161,123.159332,0.76,0.77,71.06092095375061
162,120.354637,0.78,0.78,71.25402212142944
163,120.368370,0.77,0.77,71.45820903778076
164,123.576561,0.79,0.77,71.23323893547058
165,122.025978,0.75,0.77,71.68697738647461
166,126.755371,0.76,0.77,71.10708618164062
167,126.876747,0.75,0.76,71.6196129322052
168,124.145187,0.75,0.76,70.89067482948303
169,126.469383,0.74,0.75,71.19513821601868
170,125.419395,0.77,0.77,70.87801885604858
171,123.645302,0.76,0.77,71.38822603225708
172,126.729492,0.79,0.78,71.277259349823
173,125.270897,0.75,0.76,71.41430687904358
174,127.512932,0.76,0.76,70.97849035263062
175,123.042801,0.76,0.76,71.58740520477295
176,125.220367,0.76,0.76,71.28779220581055
177,126.636620,0.73,0.75,71.44105505943298
178,122.122910,0.77,0.77,71.06490921974182
179,122.318336,0.77,0.77,71.33081388473511
180,121.830383,0.73,0.75,71.00136232376099
181,125.194450,0.76,0.77,71.37022995948792
182,123.439804,0.77,0.76,71.13363027572632
183,126.876457,0.77,0.77,71.55315494537354
184,121.044220,0.75,0.76,71.23250675201416
185,120.637871,0.75,0.76,70.88110995292664
186,125.966820,0.74,0.75,71.28028130531311
187,123.945656,0.76,0.76,70.96754503250122
188,121.441940,0.79,0.78,70.95894575119019
189,123.663261,0.77,0.78,71.02746772766113
190,123.720001,0.76,0.77,70.90235352516174
191,121.549271,0.78,0.79,71.00202465057373
192,124.607735,0.74,0.75,71.37002515792847
193,123.319748,0.76,0.77,71.46156740188599
194,123.037910,0.78,0.78,71.01475286483765
195,123.819603,0.77,0.77,71.3008360862732
196,126.790039,0.74,0.75,71.03705668449402
197,122.967995,0.76,0.77,71.13553094863892
198,124.518417,0.76,0.76,70.78357410430908
199,122.886452,0.77,0.78,71.12725138664246
200,125.790192,0.76,0.76,70.89212846755981
201,124.754158,0.74,0.75,71.00703525543213
202,126.821068,0.73,0.76,71.16403675079346
203,126.594910,0.77,0.77,70.99042010307312
204,121.177460,0.74,0.76,70.95394372940063
205,122.851952,0.73,0.75,70.8838632106781
206,123.106102,0.72,0.75,71.14275813102722
204,137.145294,0.77,0.91,77.03403639793396
205,133.098923,0.80,0.97,73.27576470375061
206,132.556015,0.78,0.94,74.00268912315369
207,135.185516,0.77,0.94,73.42733335494995
208,135.236435,0.79,0.91,73.76931309700012
209,135.754837,0.77,0.91,73.40158176422119
210,134.937912,0.77,0.89,73.83877468109131
211,133.306091,0.78,0.91,73.47797179222107
212,135.335709,0.77,0.87,73.70710921287537
213,134.991257,0.80,0.97,73.14248752593994
214,134.180084,0.79,0.91,73.77819538116455
215,131.879333,0.79,0.97,72.97636413574219
216,134.660248,0.78,0.94,73.49195408821106
217,136.255173,0.77,0.87,73.09822511672974
218,130.760315,0.79,0.97,73.2905204296112
219,133.845825,0.78,0.91,73.08389258384705
220,134.458755,0.77,0.87,72.46432280540466
221,132.553482,0.78,0.97,72.80173587799072
222,130.494278,0.78,0.94,72.57145595550537
223,131.183258,0.79,0.94,72.53605961799622
224,132.411133,0.80,0.97,73.3660216331482
225,134.312134,0.77,0.87,72.73322582244873
226,134.063568,0.77,0.89,73.3750548362732
227,134.654587,0.79,0.94,72.91909289360046
228,130.065826,0.75,0.87,73.2886290550232
229,132.608978,0.79,0.97,72.86899042129517
230,133.814682,0.78,0.91,72.59513592720032
231,133.735275,0.78,0.89,72.37628102302551
232,135.528793,0.77,0.89,71.88185524940491
233,133.056839,0.77,0.87,72.4685845375061
234,136.306198,0.77,0.91,72.04649567604065
235,130.430054,0.80,0.97,72.59996771812439
235,124.897705,0.78,0.79,77.41299819946289
235,124.639412,0.83,0.83,78.33524465560913
236,124.385841,0.77,0.76,74.18008351325989
237,124.861160,0.77,0.77,74.61046552658081
238,126.186455,0.77,0.77,74.01047372817993
0,171.281586,0.98,0.98,92.51196694374084
1,143.131241,0.93,0.93,88.8845841884613
2,134.490845,0.95,0.95,89.05389022827148
3,154.191223,0.98,0.98,89.19742393493652
0,146.029388,1.00,1.00,92.34391832351685
1,141.677414,0.98,0.97,88.96832919120789
2,138.540817,0.98,0.97,88.63311243057251
3,139.756302,0.98,0.97,88.90535354614258
4,139.939850,0.98,0.97,88.53653836250305
5,138.935730,0.97,0.97,89.00974607467651
6,136.831070,0.97,0.97,88.75906777381897
7,140.264099,0.98,0.97,88.17169213294983
8,135.539780,0.97,0.97,88.44139909744263
9,135.728683,0.97,0.97,88.68526697158813
10,139.739243,0.98,0.97,87.46843338012695
11,135.960464,0.98,0.97,87.78767085075378
12,136.711746,0.98,0.97,88.24881982803345
13,133.848801,0.97,0.97,88.11471581459045
14,140.331604,0.98,0.97,88.64494466781616
15,136.126175,0.97,0.97,87.76458787918091
14,135.724304,0.97,0.98,94.16111588478088
15,136.603882,0.98,0.98,89.42420625686646
16,133.840424,0.97,0.98,89.41881227493286
17,136.137115,0.97,0.98,88.45194602012634
18,132.742538,0.97,0.98,90.07510566711426
19,137.592346,0.98,0.98,89.01141786575317
20,142.805588,0.98,0.98,89.34998726844788
21,138.970520,0.98,0.98,88.28840899467468
22,138.475739,0.98,0.98,89.51102495193481
23,140.113449,0.98,0.98,87.78182673454285
24,137.263580,0.98,0.98,88.88370609283447
25,134.929977,0.97,0.98,87.53701972961426
26,134.376968,0.98,0.98,89.27211737632751
27,137.079544,0.98,0.98,87.98514151573181
28,133.628464,0.98,0.98,89.3067696094513
29,132.255753,0.97,0.98,87.87411379814148
30,132.267853,0.93,0.93,89.25262069702148
31,133.502640,0.98,0.98,87.95042252540588
32,134.647995,0.95,0.95,87.96695137023926
33,134.151367,0.84,0.84,89.11124730110168
34,132.832458,0.98,0.98,92.42552161216736
35,133.657608,0.98,0.98,89.99848461151123
36,131.516327,0.97,0.98,89.66381287574768
37,131.824936,0.95,0.95,89.92049884796143
38,134.128433,0.82,0.82,89.55724573135376
39,129.417145,0.83,0.83,90.04747271537781
40,132.448471,0.82,0.82,89.6341609954834
41,132.155609,0.95,0.95,90.06817150115967
42,133.379242,0.95,0.95,88.97143936157227
43,128.564880,0.97,0.98,89.79395699501038
44,130.114304,0.98,0.98,92.21433901786804
45,132.203964,0.97,0.98,89.92856049537659
46,128.878571,0.97,0.98,89.49650931358337
47,129.939758,0.98,0.98,88.9029757976532
48,129.919830,0.97,0.98,91.63804984092712
49,132.683762,0.98,0.98,89.21837782859802
50,131.179749,0.97,0.98,91.8514335155487
51,133.240585,0.98,0.98,89.45754742622375
52,130.536835,0.98,0.98,89.0185136795044
53,133.943909,0.98,0.98,89.6792984008789
54,131.587692,0.98,0.98,88.93736052513123
55,131.807144,0.86,0.86,89.9878556728363
56,131.830063,0.95,0.95,89.12522530555725
57,129.553345,0.98,0.98,90.52596378326416
58,127.547356,0.97,0.98,89.46737384796143
59,128.456299,0.95,0.95,90.49433064460754
60,132.345993,0.97,0.98,89.82288670539856
61,130.976959,0.98,0.98,90.25288105010986
62,131.517410,0.98,0.98,89.2144341468811
63,129.636246,0.98,0.98,89.88358235359192
64,126.939415,0.98,0.98,88.89445066452026
65,129.407486,0.98,0.98,89.95967173576355
66,131.794937,0.98,0.98,89.01592707633972
67,128.680984,0.97,0.98,89.79272365570068
68,131.945175,0.98,0.98,89.34414315223694
69,128.699051,0.97,0.98,89.9919753074646
70,129.247269,0.98,0.98,89.35861492156982
71,125.671989,0.97,0.98,89.96441674232483
72,125.580750,0.97,0.98,89.25283598899841
73,128.428452,0.98,0.98,89.96956038475037
74,128.450668,0.98,0.98,89.29293823242188
75,132.512650,0.98,0.98,89.25184655189514
76,128.244949,0.97,0.98,89.96246433258057
77,126.521950,0.97,0.98,89.12822937965393
78,130.703522,0.98,0.98,90.21063470840454
79,132.583923,0.98,0.98,89.85752391815186
80,131.780731,0.97,0.98,88.85962414741516
81,126.580208,0.97,0.98,89.42545986175537
82,130.522568,0.97,0.98,88.67836356163025
83,123.931290,0.97,0.98,89.21106791496277
84,127.362617,0.97,0.98,90.03667330741882
85,128.670609,0.97,0.98,89.74781322479248
86,131.306808,0.95,0.95,89.88893342018127
87,129.182068,0.95,0.95,90.1540265083313
88,126.293243,0.97,0.98,89.9019558429718
89,128.268524,0.98,0.98,89.64307403564453
90,127.357361,0.95,0.95,89.93621039390564
91,126.601067,0.97,0.98,89.77372241020203
92,128.278030,0.98,0.98,89.40215110778809
93,129.045303,0.88,0.89,89.07458114624023
94,126.262230,0.90,0.90,89.34831953048706
95,123.188499,0.88,0.88,88.87216019630432
96,124.445633,0.89,0.89,88.62329077720642
97,130.874527,0.90,0.90,88.6108775138855
98,126.790871,0.88,0.88,88.82280850410461
99,129.525269,0.89,0.89,88.91902756690979
100,126.695633,0.90,0.90,88.60253310203552
101,126.537865,0.88,0.88,88.43266201019287
102,125.849945,0.88,0.88,88.70688581466675
103,127.405518,0.88,0.89,88.52299380302429
104,126.027458,0.89,0.89,88.87274432182312
105,123.830124,0.89,0.89,88.60984301567078
106,127.908173,0.89,0.88,88.74242973327637
107,126.998932,0.88,0.88,88.7654275894165
108,124.000931,0.88,0.89,88.76920795440674
109,122.247566,0.86,0.87,88.81408452987671
110,125.525742,0.89,0.89,88.48562693595886
0,141.033752,0.98,0.98,95.18699598312378
1,141.087387,0.97,0.98,92.12399196624756
2,137.163635,0.97,0.98,92.43513774871826
3,138.639252,0.98,0.98,90.83072066307068
4,135.670486,0.97,0.98,92.41278791427612
5,136.670044,0.98,0.98,90.6999671459198
6,134.577682,0.97,0.98,92.70359778404236
7,135.103989,0.97,0.98,90.87947964668274
8,138.250595,0.98,0.98,91.33041310310364
9,138.524460,0.98,0.98,90.30147743225098
10,138.731705,0.97,0.98,90.95124983787537
11,140.178619,0.98,0.98,90.82617259025574
12,133.986084,0.97,0.98,90.68421077728271
13,141.955734,0.98,0.98,90.86183834075928
14,135.674011,0.98,0.98,90.8841712474823
15,140.169510,0.98,0.98,91.39570212364197
16,134.224152,0.97,0.98,90.68186640739441
17,137.161499,0.98,0.98,90.37731647491455
18,136.159622,0.98,0.98,90.14029431343079
19,136.493668,0.98,0.98,90.3103334903717
20,136.359680,0.98,0.98,90.23500037193298
21,131.357407,0.92,0.93,90.50250434875488
22,135.529938,0.92,0.92,90.47103118896484
23,131.547241,0.90,0.90,90.14824604988098
24,127.750282,0.91,0.92,89.85955810546875
25,129.338730,0.92,0.92,90.21245241165161
26,134.348251,0.91,0.91,89.87753248214722
24,131.531021,0.91,0.91,95.1410059928894
24,131.102368,0.91,0.91,97.03672170639038
26,130.377881,0.91,0.90,184.75299286842346
28,129.591803,0.91,0.91,190.0764980316162
30,128.816547,0.90,0.87,184.56947684288025
32,127.661328,0.89,0.89,184.37107396125793
34,126.794207,0.89,0.90,185.92390751838684
36,126.298564,0.88,0.89,183.44385623931885
38,125.758118,0.88,0.89,186.0574927330017
40,125.445409,0.87,0.81,183.24995970726013
42,125.067011,0.87,0.89,185.57302498817444
44,124.620029,0.87,0.85,187.64712381362915
46,124.228350,0.86,0.86,181.45853877067566
48,123.961526,0.86,0.88,181.45425271987915
50,123.452485,0.85,0.87,179.88155722618103
52,123.324765,0.85,0.87,180.2047257423401
54,123.409262,0.85,0.84,180.4308590888977
56,122.141792,0.82,0.80,180.80932188034058
58,121.694515,0.81,0.82,181.45742225646973
60,121.138663,0.81,0.83,181.9635169506073
62,120.814907,0.80,0.78,181.57940888404846
64,120.414392,0.80,0.78,181.67787075042725
66,120.416782,0.79,0.83,181.45964193344116
68,119.955393,0.79,0.78,181.51560831069946
70,119.458955,0.79,0.82,181.975421667099
72,120.161092,0.80,0.79,181.92198753356934
74,119.738446,0.79,0.79,182.35295963287354
76,119.525518,0.79,0.79,183.71614408493042
78,118.941191,0.78,0.77,182.11595368385315
80,118.915501,0.78,0.82,179.84601593017578
82,118.861639,0.78,0.78,182.52457189559937
84,118.746422,0.78,0.79,180.04049038887024
86,118.190608,0.77,0.76,182.79062008857727
88,117.769651,0.77,0.80,180.14788222312927
90,117.454465,0.77,0.75,179.77952361106873
92,117.450169,0.76,0.76,180.00057911872864
94,117.996167,0.76,0.75,179.77413320541382
96,117.530227,0.76,0.78,179.50523233413696
98,117.020077,0.76,0.76,180.1398823261261
100,116.157328,0.76,0.77,180.12531280517578
102,116.329505,0.76,0.78,182.08854222297668
104,115.765680,0.76,0.78,180.25489115715027
106,116.153083,0.76,0.78,179.83379220962524
108,116.592598,0.76,0.76,180.50380444526672
110,117.346353,0.76,0.71,180.71149158477783
112,116.923180,0.73,0.76,181.08715176582336
114,116.072535,0.73,0.71,180.6327452659607
116,116.077424,0.73,0.77,180.29192805290222
118,115.603281,0.72,0.71,180.29278445243835
120,115.002087,0.71,0.69,179.9722135066986
122,114.532021,0.71,0.70,180.9105725288391
124,114.103353,0.70,0.73,181.01859164237976
126,113.768190,0.70,0.69,180.87814116477966
128,113.277261,0.70,0.73,180.62597107887268
130,112.890507,0.70,0.70,180.5200400352478
132,112.583193,0.69,0.71,180.49184012413025
134,112.069513,0.69,0.72,181.3136851787567
136,111.718971,0.69,0.69,180.45536184310913
138,111.314900,0.69,0.67,180.4370334148407
140,110.939423,0.69,0.68,180.03711938858032
142,110.545703,0.69,0.69,180.31514239311218
144,110.215309,0.68,0.71,180.1001980304718
146,109.893848,0.68,0.69,181.99507689476013
148,109.482937,0.68,0.68,181.62788486480713
150,109.082524,0.68,0.68,181.78278303146362
152,108.784348,0.68,0.70,181.63990235328674
154,108.398851,0.68,0.66,181.86816239356995
156,108.040150,0.68,0.67,181.4632318019867
158,107.661164,0.67,0.70,181.56299018859863
160,107.321375,0.67,0.69,181.9914481639862
162,106.945008,0.67,0.68,182.07595086097717
164,106.638201,0.67,0.69,181.91758799552917
166,106.310722,0.67,0.71,182.3547649383545
168,105.958761,0.66,0.69,182.39367866516113
170,105.527388,0.66,0.69,179.88818621635437
172,105.216826,0.66,0.69,180.1335527896881
174,104.900029,0.66,0.69,180.06442952156067
176,104.579285,0.66,0.69,180.1075460910797
178,104.206156,0.66,0.66,180.53522992134094
180,103.890866,0.65,0.67,179.90676355361938
182,103.513014,0.65,0.66,179.99805068969727
184,103.183042,0.65,0.67,180.1423900127411
186,102.846564,0.65,0.66,180.27294373512268
188,102.547830,0.65,0.66,180.0510802268982
190,102.156023,0.64,0.69,179.76375699043274
192,101.844943,0.64,0.68,179.95553708076477
194,101.589748,0.64,0.68,180.21778631210327
196,101.248202,0.64,0.68,180.250572681427
198,100.890179,0.64,0.65,179.74761247634888
200,100.616382,0.64,0.68,179.7709469795227
202,100.191284,0.63,0.67,180.36867260932922
204,99.962507,0.63,0.66,180.05731391906738
206,99.612927,0.63,0.68,179.96244549751282
208,99.477737,0.63,0.68,179.65692687034607
210,99.112570,0.63,0.65,179.71660685539246
212,98.793891,0.63,0.68,179.9488880634308
214,98.490428,0.62,0.67,180.08456587791443
216,98.145536,0.62,0.67,179.98132872581482
218,97.900761,0.62,0.67,179.90723848342896
220,97.628586,0.62,0.66,179.82863759994507
222,97.248829,0.62,0.67,180.31340646743774
224,96.989917,0.62,0.67,180.1475522518158
226,96.746046,0.61,0.66,180.3136169910431
228,96.387334,0.61,0.67,179.67743062973022
230,96.132806,0.61,0.66,180.36250257492065
232,95.821463,0.61,0.65,180.12764048576355
234,95.503439,0.61,0.66,180.0387532711029
236,95.306295,0.61,0.66,179.92119908332825
238,95.005802,0.60,0.66,179.8723156452179
240,94.664113,0.60,0.65,180.8161425590515
242,94.414486,0.60,0.66,180.76098084449768
244,94.007768,0.60,0.66,180.5764193534851
246,94.024112,0.60,0.67,180.97378993034363
248,93.569342,0.60,0.67,180.70173001289368
250,93.843251,0.60,0.67,180.65311074256897
252,93.074487,0.59,0.65,180.54269814491272
254,92.830467,0.59,0.66,181.07627820968628
256,92.466677,0.59,0.67,180.55850076675415
258,92.136392,0.59,0.65,179.83531308174133
260,91.930023,0.59,0.67,181.45931482315063
262,91.594944,0.58,0.65,182.79381155967712
264,91.440867,0.58,0.65,182.42745280265808
266,91.077066,0.58,0.65,182.46423983573914
268,90.828245,0.58,0.66,181.71177792549133
270,90.529570,0.58,0.66,180.2735767364502
272,90.238037,0.58,0.66,181.52691555023193
274,89.996683,0.58,0.66,181.26618671417236
276,89.733375,0.57,0.66,180.84941816329956
278,89.560224,0.57,0.66,181.45931124687195
280,89.159936,0.57,0.65,180.566002368927
282,88.987295,0.57,0.65,180.50940895080566
284,88.663212,0.57,0.66,182.87962460517883
286,88.540294,0.57,0.65,180.30722188949585
288,88.152856,0.56,0.65,180.8040099143982
290,87.883860,0.56,0.65,180.66827201843262
292,87.471887,0.56,0.66,180.93639588356018
294,87.374372,0.56,0.65,180.8962426185608
296,87.081387,0.56,0.65,180.75540494918823
298,86.906020,0.56,0.65,180.68378019332886
300,86.625177,0.56,0.64,180.56896901130676
302,86.431518,0.55,0.65,181.05961751937866
304,86.148054,0.55,0.65,180.73382210731506
306,85.999913,0.55,0.66,181.09854102134705
308,85.613547,0.55,0.66,180.20955324172974
310,85.416145,0.55,0.65,180.6345980167389
312,85.106144,0.55,0.65,180.26941061019897
314,84.850959,0.54,0.65,180.6500906944275
316,84.650629,0.54,0.65,180.08374500274658
318,84.400452,0.54,0.66,180.25607824325562
320,84.194590,0.54,0.65,180.30807828903198
322,83.894603,0.54,0.66,180.86225199699402
320,117.536722,0.66,0.71,97.09253597259521
321,111.007619,0.66,0.67,91.89549040794373
322,109.190777,0.65,0.72,92.2608163356781
323,107.787246,0.65,0.69,91.666024684906
324,106.981319,0.65,0.73,91.90571308135986
325,106.315491,0.64,0.68,91.3876326084137
326,105.597002,0.64,0.72,93.65916419029236
327,105.198649,0.64,0.72,93.67328524589539
328,104.923304,0.64,0.68,90.58012342453003
329,104.532100,0.64,0.67,90.27126789093018
330,104.204927,0.64,0.73,90.20125579833984
331,103.887458,0.63,0.71,90.63933205604553
332,103.636890,0.63,0.70,90.3883101940155
333,103.387089,0.63,0.71,90.54084634780884
334,103.140987,0.63,0.73,93.71886587142944
335,102.929540,0.63,0.70,90.63912749290466
336,102.764596,0.63,0.69,90.16198110580444
337,102.609558,0.63,0.71,90.33583617210388
338,102.260477,0.63,0.70,90.07068014144897
339,102.029143,0.63,0.72,89.89644026756287
340,101.900071,0.63,0.67,92.13898038864136
341,101.737217,0.62,0.70,90.28012013435364
342,101.530816,0.62,0.71,90.8394079208374
343,101.489832,0.62,0.68,88.9916307926178
344,101.164898,0.62,0.69,91.24294137954712
345,101.005710,0.62,0.68,89.28660154342651
346,100.890101,0.62,0.72,88.55826330184937
347,100.673243,0.62,0.70,88.45069098472595
348,100.695982,0.62,0.68,88.76474690437317
349,100.467952,0.62,0.68,88.8581964969635
350,100.290540,0.62,0.70,88.35220766067505
351,100.131176,0.62,0.71,91.1951379776001
352,99.989361,0.62,0.69,88.4732894897461
353,99.894504,0.62,0.71,88.80929732322693
354,99.589794,0.61,0.70,88.21374201774597
355,99.580945,0.61,0.68,88.77464866638184
356,99.517332,0.61,0.68,88.46227717399597
357,99.252725,0.61,0.70,91.22880125045776
358,99.117919,0.61,0.67,88.72506856918335
359,98.867378,0.61,0.70,91.45574712753296
360,98.740554,0.61,0.67,88.1846776008606
361,98.657107,0.61,0.69,88.74786615371704
362,98.449787,0.61,0.69,88.5928168296814
363,98.455304,0.61,0.69,88.413578748703
364,98.191328,0.61,0.71,88.22335410118103
365,98.159634,0.61,0.68,88.67501878738403
366,97.974858,0.61,0.71,88.91050267219543
367,97.999628,0.61,0.68,88.5761981010437
368,97.715126,0.61,0.67,88.42157316207886
369,97.662213,0.61,0.71,88.92981791496277
370,97.543381,0.60,0.70,88.68266868591309
371,97.438745,0.60,0.67,88.782142162323
372,97.291526,0.60,0.70,90.24611973762512
373,97.109151,0.60,0.70,88.6725697517395
374,97.044402,0.60,0.67,88.11920285224915
375,96.827958,0.60,0.71,88.81801867485046
376,96.650173,0.60,0.68,88.38164591789246
377,96.526900,0.60,0.70,88.65398907661438
378,96.484034,0.60,0.69,88.3535304069519
379,96.413939,0.60,0.68,89.0223228931427
380,96.194275,0.60,0.67,88.56870818138123
381,96.185471,0.60,0.70,88.37253999710083
382,96.060883,0.60,0.67,88.46709322929382
383,95.646751,0.60,0.69,88.44995427131653
384,95.661845,0.60,0.69,88.52843451499939
385,95.643087,0.59,0.68,88.71187925338745
386,95.545788,0.59,0.69,88.65594458580017
387,95.341301,0.59,0.68,88.39819669723511
388,95.243515,0.59,0.68,89.02888560295105
389,95.208863,0.59,0.69,89.05499839782715
390,94.969249,0.59,0.67,89.00848054885864
391,94.914604,0.59,0.68,88.5705976486206
392,94.888930,0.59,0.67,88.68636989593506
390,95.996343,0.60,0.64,95.07729530334473
392,95.775284,0.60,0.67,181.36654663085938
394,95.307831,0.59,0.66,181.1504623889923
396,95.163623,0.59,0.67,180.99738597869873
398,94.875644,0.59,0.67,180.8510136604309
400,94.677878,0.59,0.66,179.7707040309906
402,94.364113,0.59,0.65,179.462504863739
404,94.173294,0.59,0.65,180.09840273857117
406,94.034073,0.59,0.64,179.10665249824524
408,93.799525,0.59,0.63,179.17266654968262
410,93.363944,0.58,0.65,178.67806553840637
412,93.276014,0.58,0.68,177.97824716567993
414,93.028172,0.58,0.66,178.38357400894165
416,92.673118,0.58,0.65,177.307434797287
418,92.548389,0.58,0.65,177.81148147583008
420,92.251696,0.58,0.66,177.6421618461609
422,92.047037,0.58,0.67,177.1491174697876
424,91.894062,0.58,0.64,177.87443780899048
426,91.753420,0.57,0.67,178.8984339237213
428,91.444950,0.57,0.68,176.25251603126526
430,91.236202,0.57,0.64,177.1663634777069
432,91.053801,0.57,0.64,177.40119051933289
434,90.844204,0.57,0.67,176.88189101219177
436,90.563414,0.57,0.64,176.6581573486328
438,90.382920,0.57,0.63,176.56376123428345
440,90.048727,0.57,0.63,177.01523900032043
442,90.027629,0.57,0.67,177.09651970863342
444,89.798674,0.57,0.65,176.8234899044037
446,89.500001,0.56,0.65,177.05388140678406
448,89.360027,0.56,0.65,176.94546818733215
450,89.193572,0.56,0.66,178.52816724777222
452,89.015177,0.56,0.65,176.97954416275024
454,88.680232,0.56,0.68,178.0954716205597
456,88.494039,0.56,0.66,177.01687121391296
458,88.303434,0.56,0.66,175.31180429458618
460,88.118008,0.56,0.65,173.85369348526
462,87.934856,0.55,0.65,172.64152002334595
464,87.802284,0.55,0.66,173.61478567123413
466,87.520958,0.55,0.64,172.65634775161743
468,87.306061,0.55,0.65,172.73687195777893
470,87.150380,0.55,0.66,173.49095845222473
472,86.974158,0.55,0.66,172.53071427345276
474,86.785629,0.55,0.66,172.74247407913208
476,86.478725,0.55,0.64,172.82430577278137
478,86.285910,0.55,0.63,172.93302202224731
480,86.096574,0.55,0.66,174.55922484397888
482,85.934703,0.54,0.64,175.87763571739197
484,85.752592,0.54,0.64,175.75868368148804
486,85.747937,0.54,0.63,175.74995803833008
488,85.380427,0.54,0.64,175.39463210105896
490,85.299186,0.54,0.65,175.43696880340576
492,84.956525,0.54,0.66,175.50577092170715
494,84.734371,0.54,0.65,175.81176090240479
496,84.570588,0.54,0.64,176.00530791282654
498,84.409783,0.54,0.64,176.04307293891907
498,86.234021,0.54,0.56,97.01729345321655
501,85.655337,0.54,0.58,279.6725432872772
504,85.276522,0.54,0.56,283.38554215431213
507,84.919334,0.54,0.56,282.74869537353516
510,84.617714,0.54,0.57,277.5787513256073
513,84.400217,0.53,0.56,275.84907484054565
516,84.004863,0.53,0.55,283.0861577987671
519,83.581152,0.53,0.59,282.6292839050293
522,83.346061,0.53,0.56,275.788348197937
525,83.134917,0.53,0.57,275.76841497421265
528,82.740166,0.53,0.57,268.1162188053131
531,82.506171,0.53,0.57,268.04245710372925
534,82.300188,0.53,0.56,269.34862756729126
537,81.974439,0.52,0.58,269.767080783844
540,81.554075,0.52,0.60,268.68376064300537
543,81.419403,0.52,0.57,268.47392773628235
546,81.113184,0.52,0.57,269.0131616592407
549,80.850359,0.52,0.57,276.9152281284332
552,80.653213,0.52,0.57,274.42470026016235
555,80.628863,0.52,0.56,271.6352744102478
558,80.104527,0.51,0.57,271.8434827327728
561,79.857665,0.51,0.58,266.6099145412445
564,79.614939,0.51,0.57,267.4933683872223
567,79.232020,0.51,0.59,266.57673025131226
570,79.310385,0.51,0.59,267.3282928466797
573,78.948012,0.51,0.58,266.5446038246155
576,78.482371,0.50,0.57,267.88534116744995
579,78.287215,0.50,0.57,266.75841331481934
582,78.122812,0.50,0.58,267.5620014667511
585,77.897435,0.50,0.59,266.487233877182
588,77.714632,0.50,0.57,267.58566880226135
591,77.417439,0.50,0.57,266.6006135940552
594,77.067059,0.50,0.56,267.027058839798
597,76.851116,0.50,0.58,266.7807493209839
600,76.655540,0.49,0.58,267.40432953834534
603,76.394780,0.49,0.58,267.00245928764343
606,76.251507,0.49,0.57,267.08969593048096
609,76.000250,0.49,0.58,267.3936424255371
612,75.669017,0.49,0.59,268.4865155220032
615,75.494027,0.49,0.59,267.095356464386
618,75.215133,0.49,0.58,267.67372369766235
621,75.073068,0.49,0.58,267.3460774421692
624,74.627868,0.48,0.59,266.57443404197693
627,74.616759,0.48,0.58,265.6362226009369
630,74.218088,0.48,0.57,265.83072304725647
633,74.205502,0.48,0.58,265.92613792419434
636,73.660914,0.48,0.57,264.17172718048096
639,73.497308,0.48,0.57,264.4717597961426
642,73.430505,0.48,0.58,264.42987179756165
645,73.771910,0.48,0.57,263.47386360168457
648,72.871483,0.47,0.57,264.0943901538849
651,72.617343,0.47,0.57,264.2830798625946
654,72.496426,0.47,0.59,264.27629375457764
657,72.239541,0.47,0.58,263.5954463481903
660,72.275699,0.47,0.58,263.50978112220764
663,71.831582,0.47,0.58,264.7062888145447
666,71.663079,0.47,0.58,264.01930236816406
669,71.469478,0.47,0.58,264.4152235984802
672,71.518249,0.47,0.59,263.7031898498535
675,71.241361,0.47,0.60,264.0451006889343
678,71.037370,0.46,0.59,263.81997776031494
681,70.649883,0.46,0.59,264.41920018196106
684,70.295545,0.46,0.57,263.39851212501526
687,70.372097,0.46,0.57,264.0941677093506
690,70.015925,0.46,0.58,264.47925567626953
693,69.968463,0.46,0.58,264.4856119155884
696,69.464388,0.46,0.59,264.1969747543335
699,69.490528,0.46,0.59,263.5809516906738
702,69.191889,0.46,0.58,263.9762587547302
705,69.170260,0.45,0.57,264.40657329559326
708,68.574549,0.45,0.58,263.87012100219727
711,68.639238,0.45,0.59,264.0348482131958
714,68.491253,0.45,0.58,263.74880480766296
717,68.219714,0.45,0.59,263.5092737674713
720,67.889972,0.45,0.58,264.19277811050415
723,67.835333,0.45,0.59,263.70453786849976
726,67.515965,0.44,0.59,263.5880286693573
729,67.480217,0.45,0.58,263.8557834625244
732,67.079535,0.44,0.57,263.6146490573883
735,67.095547,0.44,0.60,264.09482073783875
738,66.751039,0.44,0.57,264.4779269695282
741,66.599887,0.44,0.58,263.9094340801239
744,66.462034,0.44,0.58,263.22997879981995
747,66.231137,0.44,0.59,263.47347927093506
750,66.039930,0.44,0.58,265.38822197914124
753,65.979841,0.44,0.58,265.605593919754
756,65.756313,0.44,0.59,265.51419472694397
759,65.319753,0.43,0.58,265.5176432132721
762,65.426325,0.43,0.60,264.61005425453186
765,65.324622,0.43,0.57,263.7599906921387
768,65.057257,0.43,0.59,263.72614002227783
771,64.784864,0.43,0.59,265.3473165035248
774,64.847836,0.43,0.59,266.4331941604614
777,64.394565,0.43,0.58,266.23410296440125
780,64.353913,0.43,0.59,266.4020502567291
783,63.992721,0.43,0.59,266.25940990448
786,64.074919,0.43,0.57,265.8439841270447
789,63.704808,0.42,0.58,266.1926772594452
792,63.460406,0.42,0.59,266.04802441596985
795,63.397763,0.42,0.58,266.2486665248871
798,63.265585,0.42,0.59,266.5585925579071
801,62.932251,0.42,0.59,266.12425780296326
804,63.278145,0.42,0.58,265.9738154411316
807,62.512173,0.42,0.58,266.0853786468506
810,62.643810,0.42,0.59,265.9025008678436
813,62.063109,0.42,0.58,266.8795130252838
816,62.134318,0.42,0.58,267.0296127796173
816,88.201845,0.55,0.52,97.6922059059143
819,86.349009,0.54,0.52,277.5307812690735
822,85.803971,0.54,0.55,278.34211921691895
825,85.162633,0.54,0.55,274.58456587791443
828,84.864124,0.54,0.53,274.5240750312805
831,84.443381,0.54,0.58,274.1814420223236
834,84.199499,0.54,0.58,272.5754494667053
837,83.787984,0.54,0.56,274.57595777511597
840,83.415932,0.53,0.58,272.1603515148163
843,83.128726,0.53,0.57,271.3055839538574
846,83.201618,0.53,0.57,270.64645051956177
849,82.711454,0.53,0.55,270.2428824901581
852,82.623328,0.53,0.57,269.9675393104553
855,82.375245,0.53,0.58,270.0362105369568
858,82.080235,0.53,0.60,270.00139260292053
861,81.967200,0.53,0.58,270.43889451026917
864,81.626799,0.52,0.57,271.168940782547
867,81.558873,0.53,0.58,269.8965811729431
870,81.302686,0.52,0.59,269.9278736114502
873,81.108178,0.52,0.57,271.0598027706146
876,80.793792,0.52,0.57,270.5292685031891
879,80.807114,0.52,0.57,270.68734884262085
882,80.699850,0.52,0.57,270.7499921321869
885,80.500457,0.52,0.57,270.06165313720703
888,80.270195,0.52,0.58,271.3302757740021
891,79.866961,0.52,0.59,269.31209802627563
894,79.665300,0.52,0.58,265.2682638168335
897,79.609153,0.52,0.61,264.2048783302307
900,79.395915,0.51,0.59,264.3074598312378
903,79.279378,0.52,0.58,265.11523365974426
906,79.250133,0.51,0.60,265.3056824207306
909,78.894834,0.51,0.59,265.45277214050293
912,79.042424,0.51,0.59,265.62257409095764
915,78.759070,0.51,0.60,265.3311769962311
918,78.557728,0.51,0.57,265.68812012672424
921,78.475558,0.51,0.58,266.04880452156067
924,78.088480,0.51,0.60,264.8660042285919
927,78.105169,0.51,0.58,264.70095109939575
930,77.867231,0.51,0.59,264.198442697525
933,77.801485,0.51,0.60,265.2803645133972
936,77.718623,0.51,0.61,264.954797744751
939,77.496172,0.51,0.61,266.35120034217834
942,77.283528,0.50,0.60,265.86214303970337
945,76.975798,0.50,0.59,266.41832733154297
948,77.073804,0.50,0.60,265.5615918636322
951,77.060216,0.50,0.59,265.8276731967926
954,76.590684,0.50,0.60,265.8074996471405
957,76.723743,0.50,0.59,265.53928780555725
960,76.506703,0.50,0.60,265.83626794815063
963,76.428508,0.50,0.61,266.02235674858093
966,76.239520,0.50,0.59,265.42121720314026
969,76.008760,0.50,0.61,265.475790977478
972,75.718252,0.50,0.62,266.8114857673645
975,75.735261,0.50,0.59,265.9978606700897
978,75.546929,0.50,0.60,265.83101773262024
981,75.336404,0.50,0.59,266.16279554367065
984,75.169820,0.49,0.62,267.28627610206604
987,75.283598,0.50,0.59,269.0063536167145
990,74.998399,0.49,0.60,268.7890713214874
993,74.815848,0.49,0.62,268.78764486312866
996,74.692721,0.49,0.60,268.97804379463196
999,74.723526,0.49,0.60,268.9375710487366
1000,76.707932,0.50,0.47,181.785879611969
1005,76.225364,0.50,0.49,445.8987543582916
1010,75.677734,0.50,0.48,445.4441111087799
1015,75.573447,0.49,0.48,441.7718675136566
1020,75.102072,0.49,0.51,437.9483332633972
1025,74.720673,0.49,0.47,438.827374458313
1030,74.552183,0.49,0.49,436.22153782844543
1035,74.108931,0.49,0.52,435.06532549858093
1040,73.958494,0.49,0.50,435.35289454460144
1045,73.722568,0.49,0.48,436.5803050994873
1050,73.258509,0.48,0.52,436.6976397037506
1055,73.164936,0.48,0.52,436.17377614974976
1060,72.965592,0.48,0.51,435.0353364944458
1065,72.634929,0.48,0.49,435.40818190574646
1070,72.408011,0.48,0.51,435.642085313797
1075,72.350744,0.48,0.49,435.6625769138336
1080,72.000926,0.48,0.51,434.7156536579132
1085,71.954913,0.48,0.50,434.81986379623413
1090,71.730416,0.48,0.52,435.8897364139557
1095,71.488753,0.48,0.51,435.9665985107422
1100,70.906176,0.47,0.51,435.27500009536743
1105,70.831656,0.47,0.53,436.0236403942108
1110,70.727372,0.47,0.51,436.4660997390747
1115,70.477990,0.47,0.50,436.34512758255005
1120,70.197864,0.47,0.53,436.83044385910034
1125,70.027709,0.47,0.51,435.0184922218323
1130,69.820048,0.47,0.53,435.15848779678345
1135,69.952650,0.47,0.51,435.6050612926483
1140,69.350009,0.47,0.54,435.04656410217285
1145,69.029414,0.46,0.51,435.5858247280121
1150,69.240072,0.46,0.51,437.494863986969
1155,68.829066,0.46,0.53,436.40153980255127
1160,68.931665,0.46,0.53,436.4406247138977
1165,68.725409,0.46,0.54,436.60078287124634
1170,68.201923,0.46,0.53,436.4099135398865
1175,68.119290,0.46,0.53,436.66359066963196
1170,70.802639,0.47,0.45,93.52462697029114
1175,69.809686,0.47,0.43,447.0378303527832
1180,69.366481,0.46,0.44,445.04771518707275
1185,69.181287,0.46,0.45,440.8333377838135
1190,68.628067,0.46,0.44,455.1634738445282
1195,68.619598,0.46,0.44,452.64531898498535
1200,68.293654,0.46,0.45,451.34053444862366
1205,67.866206,0.46,0.46,435.76811122894287
1210,67.886579,0.46,0.47,435.5807557106018
1215,67.720943,0.46,0.45,436.1799805164337
1220,67.614831,0.46,0.46,434.40199851989746
1225,67.407728,0.46,0.45,435.55690240859985
1230,67.033161,0.45,0.47,436.19049644470215
1235,66.835691,0.45,0.45,435.7166955471039
1240,66.431310,0.45,0.47,436.49987864494324
1245,66.498790,0.45,0.46,436.54554986953735
1250,66.303623,0.45,0.47,436.51667737960815
1255,66.033391,0.45,0.47,435.49837589263916
1260,65.868854,0.45,0.49,436.270770072937
1265,65.675916,0.45,0.48,440.47710156440735
1270,65.513043,0.45,0.48,437.11702036857605
1275,65.425826,0.44,0.50,437.41486740112305
1280,64.967151,0.44,0.49,436.95177841186523
1285,65.140813,0.44,0.52,437.08624839782715
1290,64.707979,0.44,0.49,437.12213373184204
1295,64.691765,0.44,0.48,437.2964129447937
1300,64.505155,0.44,0.49,438.7132987976074
1305,64.128541,0.44,0.51,439.05273842811584
1310,64.148582,0.44,0.49,438.3530595302582
1315,63.822307,0.44,0.50,436.9573369026184
1320,63.685064,0.44,0.50,437.2354292869568
1325,63.452944,0.44,0.49,436.8796513080597
1330,63.447984,0.44,0.50,437.90975403785706
1335,63.387214,0.44,0.49,437.34979152679443
1340,63.091468,0.44,0.50,437.3712544441223
1345,63.324659,0.44,0.50,437.864218711853
1350,62.745137,0.43,0.51,438.4065628051758
1355,62.758898,0.43,0.51,438.4817142486572
1360,62.282654,0.43,0.51,437.6546549797058
1365,62.305896,0.43,0.51,438.13550209999084
1370,62.259339,0.43,0.51,437.8645100593567
1375,61.927680,0.43,0.51,437.81621956825256
1380,61.751536,0.43,0.52,438.08394598960876
1385,61.530925,0.43,0.52,436.8475432395935
1390,61.365557,0.43,0.51,435.8481013774872
1395,61.314835,0.43,0.50,438.26452898979187
1400,61.581141,0.43,0.51,446.574613571167
1405,61.062249,0.42,0.53,445.1898090839386
1410,60.976722,0.42,0.52,444.99409770965576
1415,60.814522,0.42,0.52,445.3811094760895
1420,60.576312,0.42,0.53,446.4724314212799
1425,60.744280,0.42,0.53,446.75749802589417
1430,60.671722,0.42,0.51,445.1169888973236
1435,60.184830,0.42,0.52,445.8832724094391
1440,60.231780,0.42,0.51,444.3315052986145
1445,59.967856,0.42,0.51,444.6442713737488
1450,59.841362,0.42,0.51,444.22695231437683
1455,59.883549,0.42,0.51,444.72345781326294
1460,59.637241,0.42,0.51,444.6247305870056
1465,59.667194,0.42,0.52,444.87774300575256
1470,59.429027,0.42,0.53,446.06344509124756
1475,59.199318,0.42,0.53,445.8411023616791
1480,59.143810,0.42,0.54,444.10775804519653
1485,58.892767,0.41,0.53,445.15118312835693
1490,58.510242,0.41,0.51,444.5471730232239
1495,58.622371,0.41,0.52,444.54399037361145
1500,58.767874,0.41,0.53,444.85776948928833
1505,58.562049,0.41,0.54,444.05108618736267
1510,58.189827,0.41,0.52,444.5506331920624
1515,58.162355,0.41,0.53,444.9308867454529
1520,58.103056,0.41,0.52,446.0020229816437
1525,57.791585,0.41,0.54,447.74014377593994
1530,57.555767,0.41,0.53,447.2879071235657
1535,57.579862,0.41,0.53,445.5539629459381
1540,57.190481,0.41,0.53,445.6311209201813
1545,57.376526,0.41,0.53,445.85824966430664
1550,57.120304,0.41,0.54,446.0438323020935
1555,57.231813,0.41,0.54,445.3855531215668
1560,56.929625,0.40,0.53,447.3277280330658
1565,56.822422,0.40,0.55,446.98389291763306
1570,56.899903,0.40,0.52,446.27772212028503
1575,56.476970,0.40,0.53,445.03854036331177
1580,56.418425,0.40,0.53,445.057071685791
1585,56.635551,0.40,0.54,446.72766304016113
1590,56.315008,0.40,0.55,448.1483871936798
1595,55.749446,0.40,0.54,444.5718204975128
1600,56.094793,0.40,0.53,444.7139799594879
1605,55.719894,0.40,0.54,444.170695066452
1610,55.769518,0.40,0.53,444.3160824775696
1615,55.860294,0.40,0.54,444.9722969532013
1620,55.811457,0.40,0.54,445.24381709098816
1625,55.662854,0.40,0.54,445.2261621952057
1630,55.454429,0.40,0.53,445.80127358436584
1635,55.373218,0.40,0.54,445.04626965522766
1640,54.982400,0.39,0.55,445.16988253593445
1645,54.774867,0.39,0.54,446.486611366272
1650,54.830922,0.39,0.55,445.29021167755127
1655,54.650183,0.39,0.53,445.60970520973206
1660,54.527025,0.39,0.54,445.83325695991516
1665,54.862468,0.40,0.54,446.9694941043854
1670,54.535131,0.39,0.54,446.44472670555115
1675,54.624015,0.39,0.54,445.9810161590576
1680,54.662034,0.39,0.54,445.3286967277527
1685,54.256497,0.39,0.54,445.78015661239624
1690,54.152443,0.39,0.54,445.9171221256256
1695,54.150825,0.39,0.54,446.11937403678894
1700,53.905373,0.39,0.55,445.4147000312805
1705,54.090631,0.39,0.55,446.25061774253845
1710,53.835739,0.39,0.55,446.15577578544617
1715,53.510966,0.39,0.56,446.391649723053
1720,53.566087,0.39,0.56,438.5829780101776
1725,53.517018,0.39,0.54,438.0432834625244
1730,53.421594,0.39,0.55,436.39775705337524
1735,53.270903,0.39,0.55,437.4637897014618
1740,52.922184,0.38,0.56,437.42317509651184
1745,53.188507,0.39,0.56,438.12647247314453
1750,52.994275,0.39,0.55,437.8791518211365
1750,87.606802,0.56,0.39,94.011155128479
1752,86.431524,0.56,0.41,179.90131068229675
1754,85.148717,0.56,0.43,179.0382719039917
1756,85.189092,0.56,0.46,178.88782501220703
1758,84.567898,0.55,0.45,178.10334968566895
1760,84.406128,0.56,0.48,176.5589005947113
1762,83.903646,0.55,0.43,176.89207124710083
1764,83.568209,0.55,0.44,177.020268201828
1766,83.624037,0.55,0.45,177.30418395996094
1768,83.318117,0.55,0.46,176.69387817382812
1770,83.111771,0.55,0.45,176.97227597236633
1772,83.140412,0.55,0.47,177.25470113754272
1774,83.302380,0.55,0.45,177.4581286907196
1776,83.176154,0.55,0.45,176.5767571926117
1776,83.173682,0.55,0.43,94.62705564498901
1778,82.885923,0.55,0.43,180.4996576309204
1780,82.779588,0.55,0.43,180.0821647644043
1782,82.749666,0.55,0.43,180.34398293495178
1784,82.514143,0.55,0.43,179.1368441581726
1786,82.474088,0.55,0.41,177.50188279151917
1788,82.362708,0.55,0.46,176.86115193367004
1790,82.609094,0.55,0.44,176.9852113723755
1792,81.979239,0.55,0.43,177.01153540611267
1794,82.263098,0.55,0.46,176.43272519111633
1796,81.703798,0.55,0.45,177.40350556373596
1798,82.006023,0.55,0.44,177.13556098937988
1800,82.007003,0.55,0.45,176.84059476852417
1802,81.679161,0.54,0.50,177.2667498588562
1804,81.632732,0.55,0.45,176.3209068775177
1806,81.713287,0.55,0.45,175.46114921569824
1808,81.300156,0.54,0.46,175.27224588394165
1810,81.414562,0.54,0.48,176.0609872341156
1812,81.432088,0.54,0.44,174.557119846344
1814,81.633884,0.55,0.45,174.84679174423218
1816,81.056470,0.54,0.48,175.25140857696533
1818,81.043289,0.54,0.47,175.35456347465515
